{
    "name": "root",
    "gauges": {
        "AmyImitation.Policy.Entropy.mean": {
            "value": 1.0199542045593262,
            "min": 1.0199542045593262,
            "max": 1.4198755025863647,
            "count": 66
        },
        "AmyImitation.Policy.Entropy.sum": {
            "value": 15361.5302734375,
            "min": 15361.5302734375,
            "max": 21357.767578125,
            "count": 66
        },
        "AmyImitation.Step.mean": {
            "value": 989999.0,
            "min": 14978.0,
            "max": 989999.0,
            "count": 66
        },
        "AmyImitation.Step.sum": {
            "value": 989999.0,
            "min": 14978.0,
            "max": 989999.0,
            "count": 66
        },
        "AmyImitation.Policy.ExtrinsicValueEstimate.mean": {
            "value": 4.5280585289001465,
            "min": -0.30174461007118225,
            "max": 12.484695434570312,
            "count": 66
        },
        "AmyImitation.Policy.ExtrinsicValueEstimate.sum": {
            "value": 1095.7901611328125,
            "min": -78.45359802246094,
            "max": 3033.781005859375,
            "count": 66
        },
        "AmyImitation.Environment.EpisodeLength.mean": {
            "value": 1323.5,
            "min": 271.44642857142856,
            "max": 1860.857142857143,
            "count": 66
        },
        "AmyImitation.Environment.EpisodeLength.sum": {
            "value": 15882.0,
            "min": 12087.0,
            "max": 17855.0,
            "count": 66
        },
        "AmyImitation.Environment.CumulativeReward.mean": {
            "value": 31.7813331107706,
            "min": -1.4712728681889446,
            "max": 54.978266549110415,
            "count": 66
        },
        "AmyImitation.Environment.CumulativeReward.sum": {
            "value": 381.3759973292472,
            "min": -16.184001550078392,
            "max": 824.6739982366562,
            "count": 66
        },
        "AmyImitation.Policy.ExtrinsicReward.mean": {
            "value": 31.7813331107706,
            "min": -1.4712728681889446,
            "max": 54.978266549110415,
            "count": 66
        },
        "AmyImitation.Policy.ExtrinsicReward.sum": {
            "value": 381.3759973292472,
            "min": -16.184001550078392,
            "max": 824.6739982366562,
            "count": 66
        },
        "AmyImitation.Losses.PolicyLoss.mean": {
            "value": 0.07158799960494175,
            "min": 0.06238103333505153,
            "max": 0.07376631619713625,
            "count": 66
        },
        "AmyImitation.Losses.PolicyLoss.sum": {
            "value": 0.5011159972345922,
            "min": 0.43666723334536073,
            "max": 0.5894155777302028,
            "count": 66
        },
        "AmyImitation.Losses.ValueLoss.mean": {
            "value": 6.164269774996987,
            "min": 0.14692780455308302,
            "max": 17.773874645082593,
            "count": 66
        },
        "AmyImitation.Losses.ValueLoss.sum": {
            "value": 43.149888424978904,
            "min": 1.028494631871581,
            "max": 142.19099716066074,
            "count": 66
        },
        "AmyImitation.Policy.LearningRate.mean": {
            "value": 0.0003,
            "min": 0.0003,
            "max": 0.0003,
            "count": 66
        },
        "AmyImitation.Policy.LearningRate.sum": {
            "value": 0.0021,
            "min": 0.0021,
            "max": 0.0024,
            "count": 66
        },
        "AmyImitation.Policy.Epsilon.mean": {
            "value": 0.19999999999999998,
            "min": 0.19999999999999998,
            "max": 0.19999999999999998,
            "count": 66
        },
        "AmyImitation.Policy.Epsilon.sum": {
            "value": 1.4,
            "min": 1.4,
            "max": 1.5999999999999999,
            "count": 66
        },
        "AmyImitation.Policy.Beta.mean": {
            "value": 0.0005,
            "min": 0.0005,
            "max": 0.0005,
            "count": 66
        },
        "AmyImitation.Policy.Beta.sum": {
            "value": 0.0035,
            "min": 0.0035,
            "max": 0.004,
            "count": 66
        },
        "AmyImitation.IsTraining.mean": {
            "value": 1.0,
            "min": 1.0,
            "max": 1.0,
            "count": 66
        },
        "AmyImitation.IsTraining.sum": {
            "value": 1.0,
            "min": 1.0,
            "max": 1.0,
            "count": 66
        }
    },
    "metadata": {
        "timer_format_version": "0.1.0",
        "start_time_seconds": "1737711912",
        "python_version": "3.9.13 (tags/v3.9.13:6de2ca5, May 17 2022, 16:36:42) [MSC v.1929 64 bit (AMD64)]",
        "command_line_arguments": "C:\\ML-Agents\\ml-agents-develop\\ml-agents-develop\\Project\\venv\\Scripts\\mlagents-learn config/AmyImitation.yaml --run-id=DoggyFixedWithoutForwardRewardMoveFunctions-3",
        "mlagents_version": "0.30.0",
        "mlagents_envs_version": "0.30.0",
        "communication_protocol_version": "1.5.0",
        "pytorch_version": "2.5.1+cpu",
        "numpy_version": "1.21.2",
        "end_time_seconds": "1737726103"
    },
    "total": 14191.2103587,
    "count": 1,
    "self": 0.0329332000001159,
    "children": {
        "run_training.setup": {
            "total": 0.17482560000000014,
            "count": 1,
            "self": 0.17482560000000014
        },
        "TrainerController.start_learning": {
            "total": 14191.0025999,
            "count": 1,
            "self": 41.988488299355595,
            "children": {
                "TrainerController._reset_env": {
                    "total": 19.1137726,
                    "count": 1,
                    "self": 19.1137726
                },
                "TrainerController.advance": {
                    "total": 14129.781074300647,
                    "count": 1001198,
                    "self": 19.494209600157774,
                    "children": {
                        "env_step": {
                            "total": 14110.286864700489,
                            "count": 1001198,
                            "self": 11173.895827801323,
                            "children": {
                                "SubprocessEnvManager._take_step": {
                                    "total": 2913.2919772995897,
                                    "count": 1001198,
                                    "self": 103.16430930001889,
                                    "children": {
                                        "TorchPolicy.evaluate": {
                                            "total": 2810.127667999571,
                                            "count": 1000047,
                                            "self": 2810.127667999571
                                        }
                                    }
                                },
                                "workers": {
                                    "total": 23.099059599575465,
                                    "count": 1001198,
                                    "self": 0.0,
                                    "children": {
                                        "worker_root": {
                                            "total": 14120.244554200188,
                                            "count": 1001198,
                                            "is_parallel": true,
                                            "self": 4734.428638299629,
                                            "children": {
                                                "steps_from_proto": {
                                                    "total": 0.004406400000000588,
                                                    "count": 1,
                                                    "is_parallel": true,
                                                    "self": 0.0015909999999976776,