{
    "name": "root",
    "gauges": {
        "AmyImitation.Policy.Entropy.mean": {
            "value": 1.2277535200119019,
            "min": 1.2277535200119019,
            "max": 1.414782166481018,
            "count": 66
        },
        "AmyImitation.Policy.Entropy.sum": {
            "value": 18423.669921875,
            "min": 18423.669921875,
            "max": 21295.30078125,
            "count": 66
        },
        "AmyImitation.Step.mean": {
            "value": 989975.0,
            "min": 14987.0,
            "max": 989975.0,
            "count": 66
        },
        "AmyImitation.Step.sum": {
            "value": 989975.0,
            "min": 14987.0,
            "max": 989975.0,
            "count": 66
        },
        "AmyImitation.Policy.ExtrinsicValueEstimate.mean": {
            "value": -0.27650371193885803,
            "min": -0.8430797457695007,
            "max": 1.1035184860229492,
            "count": 66
        },
        "AmyImitation.Policy.ExtrinsicValueEstimate.sum": {
            "value": -79.90957641601562,
            "min": -246.17929077148438,
            "max": 324.4344177246094,
            "count": 66
        },
        "AmyImitation.Environment.EpisodeLength.mean": {
            "value": 124.5546218487395,
            "min": 103.7062937062937,
            "max": 196.94871794871796,
            "count": 66
        },
        "AmyImitation.Environment.EpisodeLength.sum": {
            "value": 14822.0,
            "min": 14378.0,
            "max": 15362.0,
            "count": 66
        },
        "AmyImitation.Environment.CumulativeReward.mean": {
            "value": 1.2642520416152327,
            "min": -1.3041597225951782,
            "max": 4.642599936248734,
            "count": 66
        },
        "AmyImitation.Environment.CumulativeReward.sum": {
            "value": 150.4459929522127,
            "min": -155.1950069888262,
            "max": 557.1119923498482,
            "count": 66
        },
        "AmyImitation.Policy.ExtrinsicReward.mean": {
            "value": 1.2642520416152327,
            "min": -1.3041597225951782,
            "max": 4.642599936248734,
            "count": 66
        },
        "AmyImitation.Policy.ExtrinsicReward.sum": {
            "value": 150.4459929522127,
            "min": -155.1950069888262,
            "max": 557.1119923498482,
            "count": 66
        },
        "AmyImitation.Losses.PolicyLoss.mean": {
            "value": 0.06221744622438391,
            "min": 0.05281607161448066,
            "max": 0.07290655986868104,
            "count": 66
        },
        "AmyImitation.Losses.PolicyLoss.sum": {
            "value": 0.43552212357068737,
            "min": 0.3697125013013646,
            "max": 0.5594167675629933,
            "count": 66
        },
        "AmyImitation.Losses.ValueLoss.mean": {
            "value": 1.1203941088169813,
            "min": 0.08481844205276243,
            "max": 19.224877574348024,
            "count": 66
        },
        "AmyImitation.Losses.ValueLoss.sum": {
            "value": 7.842758761718869,
            "min": 0.593729094369337,
            "max": 134.57414302043617,
            "count": 66
        },
        "AmyImitation.Policy.LearningRate.mean": {
            "value": 0.0003,
            "min": 0.0003,
            "max": 0.0003,
            "count": 66
        },
        "AmyImitation.Policy.LearningRate.sum": {
            "value": 0.0021,
            "min": 0.0021,
            "max": 0.0024,
            "count": 66
        },
        "AmyImitation.Policy.Epsilon.mean": {
            "value": 0.19999999999999998,
            "min": 0.19999999999999998,
            "max": 0.19999999999999998,
            "count": 66
        },
        "AmyImitation.Policy.Epsilon.sum": {
            "value": 1.4,
            "min": 1.4,
            "max": 1.5999999999999999,
            "count": 66
        },
        "AmyImitation.Policy.Beta.mean": {
            "value": 0.0005,
            "min": 0.0005,
            "max": 0.0005,
            "count": 66
        },
        "AmyImitation.Policy.Beta.sum": {
            "value": 0.0035,
            "min": 0.0035,
            "max": 0.004,
            "count": 66
        },
        "AmyImitation.IsTraining.mean": {
            "value": 1.0,
            "min": 1.0,
            "max": 1.0,
            "count": 66
        },
        "AmyImitation.IsTraining.sum": {
            "value": 1.0,
            "min": 1.0,
            "max": 1.0,
            "count": 66
        }
    },
    "metadata": {
        "timer_format_version": "0.1.0",
        "start_time_seconds": "1737455045",
        "python_version": "3.9.13 (tags/v3.9.13:6de2ca5, May 17 2022, 16:36:42) [MSC v.1929 64 bit (AMD64)]",
        "command_line_arguments": "C:\\ML-Agents\\ml-agents-develop\\ml-agents-develop\\Project\\venv\\Scripts\\mlagents-learn config/AmyImitation.yaml --run-id=DoggyOtherMoveFunctions-2",
        "mlagents_version": "0.30.0",
        "mlagents_envs_version": "0.30.0",
        "communication_protocol_version": "1.5.0",
        "pytorch_version": "2.5.1+cpu",
        "numpy_version": "1.21.2",
        "end_time_seconds": "1737466582"
    },
    "total": 11536.9095984,
    "count": 1,
    "self": 0.025361700001667487,
    "children": {
        "run_training.setup": {
            "total": 0.14226889999999948,
            "count": 1,
            "self": 0.14226889999999948
        },
        "TrainerController.start_learning": {
            "total": 11536.741967799999,
            "count": 1,
            "self": 38.30511029896843,
            "children": {
                "TrainerController._reset_env": {
                    "total": 12.272465,
                    "count": 1,
                    "self": 12.272465
                },
                "TrainerController.advance": {
                    "total": 11486.05181510103,
                    "count": 1005961,
                    "self": 17.82821190075265,
                    "children": {
                        "env_step": {
                            "total": 11468.223603200277,
                            "count": 1005961,
                            "self": 8857.009695700508,
                            "children": {
                                "SubprocessEnvManager._take_step": {
                                    "total": 2590.04844630003,
                                    "count": 1005961,
                                    "self": 89.8292062998371,
                                    "children": {
                                        "TorchPolicy.evaluate": {
                                            "total": 2500.2192400001927,
                                            "count": 1000009,
                                            "self": 2500.2192400001927
                                        }
                                    }
                                },
                                "workers": {
                                    "total": 21.165461199738804,
                                    "count": 1005961,
                                    "self": 0.0,
                                    "children": {
                                        "worker_root": {
                                            "total": 11477.370383700512,
                                            "count": 1005961,
                                            "is_parallel": true,
                                            "self": 4241.611717900775,
                                            "children": {
                                                "steps_from_proto": {
                                                    "total": 0.00443119999999908,
                                                    "count": 1,
                                                    "is_parallel": true,
                                                    "self": 0.0014824999999980548,