{
    "name": "root",
    "gauges": {
        "AmyC.Policy.Entropy.mean": {
            "value": -0.32920366525650024,
            "min": -0.3293629288673401,
            "max": 0.3824372887611389,
            "count": 2501
        },
        "AmyC.Policy.Entropy.sum": {
            "value": -1652.6024169921875,
            "min": -1672.269287109375,
            "max": 1910.2518310546875,
            "count": 2501
        },
        "AmyC.Environment.EpisodeLength.mean": {
            "value": 197.16,
            "min": 40.0,
            "max": 761.2857142857143,
            "count": 2501
        },
        "AmyC.Environment.EpisodeLength.sum": {
            "value": 4929.0,
            "min": 40.0,
            "max": 7037.0,
            "count": 2501
        },
        "AmyC.Step.mean": {
            "value": 14999958.0,
            "min": 2499993.0,
            "max": 14999958.0,
            "count": 2501
        },
        "AmyC.Step.sum": {
            "value": 14999958.0,
            "min": 2499993.0,
            "max": 14999958.0,
            "count": 2501
        },
        "AmyC.Policy.ExtrinsicValueEstimate.mean": {
            "value": 5.702755928039551,
            "min": 1.5766955614089966,
            "max": 6.23041296005249,
            "count": 2501
        },
        "AmyC.Policy.ExtrinsicValueEstimate.sum": {
            "value": 507.5452880859375,
            "min": 3.4215526580810547,
            "max": 574.9010620117188,
            "count": 2501
        },
        "AmyC.Environment.CumulativeReward.mean": {
            "value": 9.382928334749662,
            "min": 1.9957321492644648,
            "max": 9.982567330822349,
            "count": 2501
        },
        "AmyC.Environment.CumulativeReward.sum": {
            "value": 243.9561367034912,
            "min": 4.9639363288879395,
            "max": 289.0525360107422,
            "count": 2501
        },
        "AmyC.Policy.ExtrinsicReward.mean": {
            "value": 9.382928334749662,
            "min": 1.9957321492644648,
            "max": 9.982567330822349,
            "count": 2501
        },
        "AmyC.Policy.ExtrinsicReward.sum": {
            "value": 243.9561367034912,
            "min": 4.9639363288879395,
            "max": 289.0525360107422,
            "count": 2501
        },
        "AmyC.IsTraining.mean": {
            "value": 1.0,
            "min": 1.0,
            "max": 1.0,
            "count": 2501
        },
        "AmyC.IsTraining.sum": {
            "value": 1.0,
            "min": 1.0,
            "max": 1.0,
            "count": 2501
        },
        "AmyC.Losses.PolicyLoss.mean": {
            "value": 0.07250903696088548,
            "min": 0.04888632092918972,
            "max": 0.08564055589886266,
            "count": 2500
        },
        "AmyC.Losses.PolicyLoss.sum": {
            "value": 0.14501807392177096,
            "min": 0.09777264185837944,
            "max": 0.24406357996485895,
            "count": 2500
        },
        "AmyC.Losses.ValueLoss.mean": {
            "value": 0.06389015722864619,
            "min": 0.03425812740654995,
            "max": 0.4396051305811852,
            "count": 2500
        },
        "AmyC.Losses.ValueLoss.sum": {
            "value": 0.12778031445729238,
            "min": 0.0685162548130999,
            "max": 1.3188153917435557,
            "count": 2500
        },
        "AmyC.Policy.LearningRate.mean": {
            "value": 5.053998318666271e-08,
            "min": 5.053998318666271e-08,
            "max": 0.0002499380166873334,
            "count": 2500
        },
        "AmyC.Policy.LearningRate.sum": {
            "value": 1.0107996637332542e-07,
            "min": 1.0107996637332542e-07,
            "max": 0.00074925047024986,
            "count": 2500
        },
        "AmyC.Policy.Epsilon.mean": {
            "value": 0.10001681333333333,
            "min": 0.10001681333333333,
            "max": 0.18331266666666668,
            "count": 2500
        },
        "AmyC.Policy.Epsilon.sum": {
            "value": 0.20003362666666666,
            "min": 0.20003362666666666,
            "max": 0.54975014,
            "count": 2500
        },
        "AmyC.Policy.Beta.mean": {
            "value": 1.0082385333333329e-05,
            "min": 1.0082385333333329e-05,
            "max": 0.0004182320666666667,
            "count": 2500
        },
        "AmyC.Policy.Beta.sum": {
            "value": 2.0164770666666658e-05,
            "min": 2.0164770666666658e-05,
            "max": 0.001253775686,
            "count": 2500
        }
    },
    "metadata": {
        "timer_format_version": "0.1.0",
        "start_time_seconds": "1728423498",
        "python_version": "3.9.13 (tags/v3.9.13:6de2ca5, May 17 2022, 16:36:42) [MSC v.1929 64 bit (AMD64)]",
        "command_line_arguments": "C:\\uniproj\\ml-agents-develop\\Project\\venv\\Scripts\\mlagents-learn config/AmyC.yaml --run-id=AmyC --resume",
        "mlagents_version": "0.30.0",
        "mlagents_envs_version": "0.30.0",
        "communication_protocol_version": "1.5.0",
        "pytorch_version": "2.4.1+cpu",
        "numpy_version": "1.21.2",
        "end_time_seconds": "1728479331"
    },
    "total": 55832.9529532,
    "count": 1,
    "self": 0.0042061999993165955,
    "children": {
        "run_training.setup": {
            "total": 0.09632370000000012,
            "count": 1,
            "self": 0.09632370000000012
        },
        "TrainerController.start_learning": {
            "total": 55832.8524233,
            "count": 1,
            "self": 226.81909788818302,
            "children": {
                "TrainerController._reset_env": {
                    "total": 5.9313051,
                    "count": 1,
                    "self": 5.9313051
                },
                "TrainerController.advance": {
                    "total": 55600.06660531181,
                    "count": 12552643,
                    "self": 114.12686110760842,
                    "children": {
                        "env_step": {
                            "total": 55485.9397442042,
                            "count": 12552643,
                            "self": 42083.78481491208,
                            "children": {
                                "SubprocessEnvManager._take_step": {
                                    "total": 13291.349612887689,
                                    "count": 12552643,
                                    "self": 450.0354405831331,
                                    "children": {
                                        "TorchPolicy.evaluate": {
                                            "total": 12841.314172304556,
                                            "count": 12500076,
                                            "self": 12841.314172304556
                                        }
                                    }
                                },
                                "workers": {
                                    "total": 110.8053164044379,
                                    "count": 12552643,
                                    "self": 0.0,
                                    "children": {
                                        "worker_root": {
                                            "total": 55615.734846601394,
                                            "count": 12552643,
                                            "is_parallel": true,
                                            "self": 21954.95743570954,
                                            "children": {
                                                "steps_from_proto": {
                                                    "total": 0.00044100000000035777,
                                                    "count": 1,
                                                    "is_parallel": true,
                                                    "self": 0.0002136999999997613,