{
    "name": "root",
    "gauges": {
        "AmyImitation.Policy.Entropy.mean": {
            "value": 1.0207074880599976,
            "min": 1.0207074880599976,
            "max": 1.4180842638015747,
            "count": 66
        },
        "AmyImitation.Policy.Entropy.sum": {
            "value": 15304.48828125,
            "min": 15304.48828125,
            "max": 21345.00390625,
            "count": 66
        },
        "AmyImitation.Step.mean": {
            "value": 989967.0,
            "min": 14988.0,
            "max": 989967.0,
            "count": 66
        },
        "AmyImitation.Step.sum": {
            "value": 989967.0,
            "min": 14988.0,
            "max": 989967.0,
            "count": 66
        },
        "AmyImitation.Policy.ExtrinsicValueEstimate.mean": {
            "value": 6.748917102813721,
            "min": -0.16128534078598022,
            "max": 10.25467300415039,
            "count": 66
        },
        "AmyImitation.Policy.ExtrinsicValueEstimate.sum": {
            "value": 1639.98681640625,
            "min": -42.41804504394531,
            "max": 2481.630859375,
            "count": 66
        },
        "AmyImitation.Environment.EpisodeLength.mean": {
            "value": 990.0,
            "min": 235.88888888888889,
            "max": 2052.4285714285716,
            "count": 66
        },
        "AmyImitation.Environment.EpisodeLength.sum": {
            "value": 14850.0,
            "min": 12790.0,
            "max": 16866.0,
            "count": 66
        },
        "AmyImitation.Environment.CumulativeReward.mean": {
            "value": 48.5707333634297,
            "min": 0.2749364430764838,
            "max": 58.47399855032563,
            "count": 66
        },
        "AmyImitation.Environment.CumulativeReward.sum": {
            "value": 728.5610004514456,
            "min": 17.32099591381848,
            "max": 929.9179933071136,
            "count": 66
        },
        "AmyImitation.Policy.ExtrinsicReward.mean": {
            "value": 48.5707333634297,
            "min": 0.2749364430764838,
            "max": 58.47399855032563,
            "count": 66
        },
        "AmyImitation.Policy.ExtrinsicReward.sum": {
            "value": 728.5610004514456,
            "min": 17.32099591381848,
            "max": 929.9179933071136,
            "count": 66
        },
        "AmyImitation.Losses.PolicyLoss.mean": {
            "value": 0.07148346899720352,
            "min": 0.056928790444328026,
            "max": 0.07324947408813473,
            "count": 66
        },
        "AmyImitation.Losses.PolicyLoss.sum": {
            "value": 0.5003842829804247,
            "min": 0.3985015331102962,
            "max": 0.5807569912237038,
            "count": 66
        },
        "AmyImitation.Losses.ValueLoss.mean": {
            "value": 7.130747319071642,
            "min": 0.15930702393164944,
            "max": 17.418467363298294,
            "count": 66
        },
        "AmyImitation.Losses.ValueLoss.sum": {
            "value": 49.915231233501494,
            "min": 1.1151491675215461,
            "max": 121.92927154308806,
            "count": 66
        },
        "AmyImitation.Policy.LearningRate.mean": {
            "value": 0.0003,
            "min": 0.0003,
            "max": 0.0003,
            "count": 66
        },
        "AmyImitation.Policy.LearningRate.sum": {
            "value": 0.0021,
            "min": 0.0021,
            "max": 0.0024,
            "count": 66
        },
        "AmyImitation.Policy.Epsilon.mean": {
            "value": 0.19999999999999998,
            "min": 0.19999999999999998,
            "max": 0.19999999999999998,
            "count": 66
        },
        "AmyImitation.Policy.Epsilon.sum": {
            "value": 1.4,
            "min": 1.4,
            "max": 1.5999999999999999,
            "count": 66
        },
        "AmyImitation.Policy.Beta.mean": {
            "value": 0.0005,
            "min": 0.0005,
            "max": 0.0005,
            "count": 66
        },
        "AmyImitation.Policy.Beta.sum": {
            "value": 0.0035,
            "min": 0.0035,
            "max": 0.004,
            "count": 66
        },
        "AmyImitation.IsTraining.mean": {
            "value": 1.0,
            "min": 1.0,
            "max": 1.0,
            "count": 66
        },
        "AmyImitation.IsTraining.sum": {
            "value": 1.0,
            "min": 1.0,
            "max": 1.0,
            "count": 66
        }
    },
    "metadata": {
        "timer_format_version": "0.1.0",
        "start_time_seconds": "1737584426",
        "python_version": "3.9.13 (tags/v3.9.13:6de2ca5, May 17 2022, 16:36:42) [MSC v.1929 64 bit (AMD64)]",
        "command_line_arguments": "C:\\ML-Agents\\ml-agents-develop\\ml-agents-develop\\Project\\venv\\Scripts\\mlagents-learn config/AmyImitation.yaml --run-id=DoggyFixedMoveFunctions-2",
        "mlagents_version": "0.30.0",
        "mlagents_envs_version": "0.30.0",
        "communication_protocol_version": "1.5.0",
        "pytorch_version": "2.5.1+cpu",
        "numpy_version": "1.21.2",
        "end_time_seconds": "1737597119"
    },
    "total": 12692.929822299999,
    "count": 1,
    "self": 0.021804899999551708,
    "children": {
        "run_training.setup": {
            "total": 0.21368960000000037,
            "count": 1,
            "self": 0.21368960000000037
        },
        "TrainerController.start_learning": {
            "total": 12692.6943278,
            "count": 1,
            "self": 37.349279100413696,
            "children": {
                "TrainerController._reset_env": {
                    "total": 13.8850655,
                    "count": 1,
                    "self": 13.8850655
                },
                "TrainerController.advance": {
                    "total": 12641.340660999585,
                    "count": 1001595,
                    "self": 19.183112299368076,
                    "children": {
                        "env_step": {
                            "total": 12622.157548700217,
                            "count": 1001595,
                            "self": 9969.22232009962,
                            "children": {
                                "SubprocessEnvManager._take_step": {
                                    "total": 2631.2654493007767,
                                    "count": 1001595,
                                    "self": 93.83799210114648,
                                    "children": {
                                        "TorchPolicy.evaluate": {
                                            "total": 2537.42745719963,
                                            "count": 1000024,
                                            "self": 2537.42745719963
                                        }
                                    }
                                },
                                "workers": {
                                    "total": 21.669779299820956,
                                    "count": 1001595,
                                    "self": 0.0,
                                    "children": {
                                        "worker_root": {
                                            "total": 12635.237810999335,
                                            "count": 1001595,
                                            "is_parallel": true,
                                            "self": 4321.195683699503,
                                            "children": {
                                                "steps_from_proto": {
                                                    "total": 0.001698700000000386,
                                                    "count": 1,
                                                    "is_parallel": true,
                                                    "self": 0.0004668000000016548,