{
    "name": "root",
    "gauges": {
        "AmyImitation.Policy.Entropy.mean": {
            "value": -1.39005446434021,
            "min": -1.39005446434021,
            "max": 1.3779575824737549,
            "count": 66
        },
        "AmyImitation.Policy.Entropy.sum": {
            "value": -20834.13671875,
            "min": -20834.13671875,
            "max": 20720.34765625,
            "count": 66
        },
        "AmyImitation.Step.mean": {
            "value": 989968.0,
            "min": 14973.0,
            "max": 989968.0,
            "count": 66
        },
        "AmyImitation.Step.sum": {
            "value": 989968.0,
            "min": 14973.0,
            "max": 989968.0,
            "count": 66
        },
        "AmyImitation.Policy.ExtrinsicValueEstimate.mean": {
            "value": -0.6628319025039673,
            "min": -1.9070757627487183,
            "max": 0.2716391980648041,
            "count": 66
        },
        "AmyImitation.Policy.ExtrinsicValueEstimate.sum": {
            "value": -178.96461486816406,
            "min": -514.9104614257812,
            "max": 79.04700469970703,
            "count": 66
        },
        "AmyImitation.Environment.EpisodeLength.mean": {
            "value": 195.42666666666668,
            "min": 98.74834437086092,
            "max": 286.3207547169811,
            "count": 66
        },
        "AmyImitation.Environment.EpisodeLength.sum": {
            "value": 14657.0,
            "min": 13491.0,
            "max": 16041.0,
            "count": 66
        },
        "AmyImitation.Environment.CumulativeReward.mean": {
            "value": 0.854399985956649,
            "min": -3.4699344442809976,
            "max": 5.777949981310909,
            "count": 66
        },
        "AmyImitation.Environment.CumulativeReward.sum": {
            "value": 64.07999894674867,
            "min": -265.6730017794762,
            "max": 693.3539977573091,
            "count": 66
        },
        "AmyImitation.Policy.ExtrinsicReward.mean": {
            "value": 0.854399985956649,
            "min": -3.4699344442809976,
            "max": 5.777949981310909,
            "count": 66
        },
        "AmyImitation.Policy.ExtrinsicReward.sum": {
            "value": 64.07999894674867,
            "min": -265.6730017794762,
            "max": 693.3539977573091,
            "count": 66
        },
        "AmyImitation.Losses.PolicyLoss.mean": {
            "value": 0.06797108091866123,
            "min": 0.05249712628165071,
            "max": 0.07265857323615084,
            "count": 66
        },
        "AmyImitation.Losses.PolicyLoss.sum": {
            "value": 0.47579756643062865,
            "min": 0.3904654833046,
            "max": 0.546501631574453,
            "count": 66
        },
        "AmyImitation.Losses.ValueLoss.mean": {
            "value": 5.585692780386169,
            "min": 0.05694416446411717,
            "max": 16.386396070299224,
            "count": 66
        },
        "AmyImitation.Losses.ValueLoss.sum": {
            "value": 39.09984946270318,
            "min": 0.3986091512488202,
            "max": 114.70477249209458,
            "count": 66
        },
        "AmyImitation.Policy.LearningRate.mean": {
            "value": 0.0003,
            "min": 0.0003,
            "max": 0.0003,
            "count": 66
        },
        "AmyImitation.Policy.LearningRate.sum": {
            "value": 0.0021,
            "min": 0.0021,
            "max": 0.0024,
            "count": 66
        },
        "AmyImitation.Policy.Epsilon.mean": {
            "value": 0.19999999999999998,
            "min": 0.19999999999999998,
            "max": 0.19999999999999998,
            "count": 66
        },
        "AmyImitation.Policy.Epsilon.sum": {
            "value": 1.4,
            "min": 1.4,
            "max": 1.5999999999999999,
            "count": 66
        },
        "AmyImitation.Policy.Beta.mean": {
            "value": 0.0005,
            "min": 0.0005,
            "max": 0.0005,
            "count": 66
        },
        "AmyImitation.Policy.Beta.sum": {
            "value": 0.0035,
            "min": 0.0035,
            "max": 0.004,
            "count": 66
        },
        "AmyImitation.Losses.PretrainingLoss.mean": {
            "value": 0.0036934388518196095,
            "min": 0.0036934388518196095,
            "max": 0.9152626883232831,
            "count": 66
        },
        "AmyImitation.Losses.PretrainingLoss.sum": {
            "value": 0.025854071962737268,
            "min": 0.025854071962737268,
            "max": 6.406838818262981,
            "count": 66
        },
        "AmyImitation.IsTraining.mean": {
            "value": 1.0,
            "min": 1.0,
            "max": 1.0,
            "count": 66
        },
        "AmyImitation.IsTraining.sum": {
            "value": 1.0,
            "min": 1.0,
            "max": 1.0,
            "count": 66
        }
    },
    "metadata": {
        "timer_format_version": "0.1.0",
        "start_time_seconds": "1737233394",
        "python_version": "3.9.13 (tags/v3.9.13:6de2ca5, May 17 2022, 16:36:42) [MSC v.1929 64 bit (AMD64)]",
        "command_line_arguments": "C:\\Users\\123\\AppData\\Local\\Programs\\Python\\Python39\\Scripts\\mlagents-learn config/AmyImitation.yaml --run-id=DoggyMoveFunctions-7",
        "mlagents_version": "0.30.0",
        "mlagents_envs_version": "0.30.0",
        "communication_protocol_version": "1.5.0",
        "pytorch_version": "2.5.1+cpu",
        "numpy_version": "1.21.2",
        "end_time_seconds": "1737244999"
    },
    "total": 11605.145433400001,
    "count": 1,
    "self": 0.02249390000179119,
    "children": {
        "run_training.setup": {
            "total": 0.2028502000000003,
            "count": 1,
            "self": 0.2028502000000003
        },
        "TrainerController.start_learning": {
            "total": 11604.9200893,
            "count": 1,
            "self": 37.67078120015867,
            "children": {
                "TrainerController._reset_env": {
                    "total": 14.566797200000002,
                    "count": 1,
                    "self": 12.4822526,
                    "children": {
                        "demo_to_buffer": {
                            "total": 2.084544600000001,
                            "count": 1,
                            "self": 8.620000000192363e-05,
                            "children": {
                                "load_demonstration": {
                                    "total": 0.03069849999999974,
                                    "count": 1,
                                    "self": 0.02828440000000043,
                                    "children": {
                                        "read_file": {
                                            "total": 0.0024140999999993085,
                                            "count": 1,
                                            "self": 0.0024140999999993085
                                        }
                                    }
                                },
                                "make_demo_buffer": {
                                    "total": 2.0537598999999993,
                                    "count": 1,
                                    "self": 0.39129870000038025,
                                    "children": {
                                        "steps_from_proto": {
                                            "total": 1.662461199999619,
                                            "count": 7998,
                                            "self": 1.0833314999997192,
                                            "children": {
                                                "_process_rank_one_or_two_observation": {
                                                    "total": 0.5791296999998998,
                                                    "count": 15996,