{
    "name": "root",
    "gauges": {
        "AmyImitation.Policy.Entropy.mean": {
            "value": -1.4470829963684082,
            "min": -1.4519233703613281,
            "max": -0.5108633041381836,
            "count": 33
        },
        "AmyImitation.Policy.Entropy.sum": {
            "value": -21662.83203125,
            "min": -21816.625,
            "max": -5120.3828125,
            "count": 33
        },
        "AmyImitation.Step.mean": {
            "value": 989942.0,
            "min": 509974.0,
            "max": 989942.0,
            "count": 33
        },
        "AmyImitation.Step.sum": {
            "value": 989942.0,
            "min": 509974.0,
            "max": 989942.0,
            "count": 33
        },
        "AmyImitation.Policy.ExtrinsicValueEstimate.mean": {
            "value": 6.090054988861084,
            "min": 2.4965572357177734,
            "max": 8.022394180297852,
            "count": 33
        },
        "AmyImitation.Policy.ExtrinsicValueEstimate.sum": {
            "value": 1686.9451904296875,
            "min": 419.421630859375,
            "max": 2053.73291015625,
            "count": 33
        },
        "AmyImitation.Environment.EpisodeLength.mean": {
            "value": 177.3764705882353,
            "min": 177.3764705882353,
            "max": 821.7894736842105,
            "count": 33
        },
        "AmyImitation.Environment.EpisodeLength.sum": {
            "value": 15077.0,
            "min": 9807.0,
            "max": 15685.0,
            "count": 33
        },
        "AmyImitation.Environment.CumulativeReward.mean": {
            "value": 10.354461702288074,
            "min": 4.630075768230186,
            "max": 35.148967211102615,
            "count": 33
        },
        "AmyImitation.Environment.CumulativeReward.sum": {
            "value": 880.1292446944863,
            "min": 202.21537788026035,
            "max": 1019.3200491219759,
            "count": 33
        },
        "AmyImitation.Policy.ExtrinsicReward.mean": {
            "value": 10.354461702288074,
            "min": 4.630075768230186,
            "max": 35.148967211102615,
            "count": 33
        },
        "AmyImitation.Policy.ExtrinsicReward.sum": {
            "value": 880.1292446944863,
            "min": 202.21537788026035,
            "max": 1019.3200491219759,
            "count": 33
        },
        "AmyImitation.Losses.PolicyLoss.mean": {
            "value": 0.06456346950367983,
            "min": 0.058147612151515204,
            "max": 0.0736121060382023,
            "count": 33
        },
        "AmyImitation.Losses.PolicyLoss.sum": {
            "value": 0.4519442865257588,
            "min": 0.2944484241528092,
            "max": 0.5866593382027835,
            "count": 33
        },
        "AmyImitation.Losses.ValueLoss.mean": {
            "value": 5.654597346626578,
            "min": 1.8288204008713365,
            "max": 6.416146207068649,
            "count": 33
        },
        "AmyImitation.Losses.ValueLoss.sum": {
            "value": 39.58218142638604,
            "min": 12.647171116123596,
            "max": 49.85991106151293,
            "count": 33
        },
        "AmyImitation.Policy.LearningRate.mean": {
            "value": 0.0003,
            "min": 0.0003,
            "max": 0.0003,
            "count": 33
        },
        "AmyImitation.Policy.LearningRate.sum": {
            "value": 0.0021,
            "min": 0.0012,
            "max": 0.0024,
            "count": 33
        },
        "AmyImitation.Policy.Epsilon.mean": {
            "value": 0.19999999999999998,
            "min": 0.19999999999999998,
            "max": 0.19999999999999998,
            "count": 33
        },
        "AmyImitation.Policy.Epsilon.sum": {
            "value": 1.4,
            "min": 0.7999999999999999,
            "max": 1.5999999999999999,
            "count": 33
        },
        "AmyImitation.Policy.Beta.mean": {
            "value": 0.0005,
            "min": 0.0005,
            "max": 0.0005,
            "count": 33
        },
        "AmyImitation.Policy.Beta.sum": {
            "value": 0.0035,
            "min": 0.002,
            "max": 0.004,
            "count": 33
        },
        "AmyImitation.Losses.PretrainingLoss.mean": {
            "value": 0.0032874876982958872,
            "min": 0.0032514508455987194,
            "max": 0.021129006595533885,
            "count": 33
        },
        "AmyImitation.Losses.PretrainingLoss.sum": {
            "value": 0.02301241388807121,
            "min": 0.022760155919191036,
            "max": 0.1531049601542644,
            "count": 33
        },
        "AmyImitation.IsTraining.mean": {
            "value": 1.0,
            "min": 1.0,
            "max": 1.0,
            "count": 33
        },
        "AmyImitation.IsTraining.sum": {
            "value": 1.0,
            "min": 1.0,
            "max": 1.0,
            "count": 33
        }
    },
    "metadata": {
        "timer_format_version": "0.1.0",
        "start_time_seconds": "1729590841",
        "python_version": "3.9.13 (tags/v3.9.13:6de2ca5, May 17 2022, 16:36:42) [MSC v.1929 64 bit (AMD64)]",
        "command_line_arguments": "C:\\uniproj\\ml-agents-develop\\Project\\venv\\Scripts\\mlagents-learn config/AmyImitation.yaml --run-id=AmyImitation --train --resume",
        "mlagents_version": "0.30.0",
        "mlagents_envs_version": "0.30.0",
        "communication_protocol_version": "1.5.0",
        "pytorch_version": "2.4.1+cpu",
        "numpy_version": "1.21.2",
        "end_time_seconds": "1729593939"
    },
    "total": 3097.3538549,
    "count": 1,
    "self": 0.004200699999728386,
    "children": {
        "run_training.setup": {
            "total": 0.1034708000000002,
            "count": 1,
            "self": 0.1034708000000002
        },
        "TrainerController.start_learning": {
            "total": 3097.2461834,
            "count": 1,
            "self": 10.753581099923395,
            "children": {
                "TrainerController._reset_env": {
                    "total": 7.3464446,
                    "count": 1,
                    "self": 6.687097199999998,
                    "children": {
                        "demo_to_buffer": {
                            "total": 0.6593474000000015,
                            "count": 1,
                            "self": 5.810000000039395e-05,
                            "children": {
                                "load_demonstration": {
                                    "total": 0.012430399999999509,
                                    "count": 1,
                                    "self": 0.011589199999999522,
                                    "children": {
                                        "read_file": {
                                            "total": 0.0008411999999999864,
                                            "count": 1,
                                            "self": 0.0008411999999999864
                                        }
                                    }
                                },
                                "make_demo_buffer": {
                                    "total": 0.6468589000000016,
                                    "count": 1,
                                    "self": 0.11436929999991285,
                                    "children": {
                                        "steps_from_proto": {
                                            "total": 0.5324896000000887,
                                            "count": 9998,
                                            "self": 0.34134559999997016,
                                            "children": {
                                                "_process_rank_one_or_two_observation": {
                                                    "total": 0.19114400000011855,
                                                    "count": 19996,