{
    "name": "root",
    "gauges": {
        "AmyImitation.Policy.Entropy.mean": {
            "value": -1.3114160299301147,
            "min": -1.3181270360946655,
            "max": 1.3729795217514038,
            "count": 66
        },
        "AmyImitation.Policy.Entropy.sum": {
            "value": -19739.43359375,
            "min": -19792.88671875,
            "max": 20626.271484375,
            "count": 66
        },
        "AmyImitation.Step.mean": {
            "value": 989999.0,
            "min": 14992.0,
            "max": 989999.0,
            "count": 66
        },
        "AmyImitation.Step.sum": {
            "value": 989999.0,
            "min": 14992.0,
            "max": 989999.0,
            "count": 66
        },
        "AmyImitation.Policy.ExtrinsicValueEstimate.mean": {
            "value": 0.8292285203933716,
            "min": -0.7840368747711182,
            "max": 11.833704948425293,
            "count": 66
        },
        "AmyImitation.Policy.ExtrinsicValueEstimate.sum": {
            "value": 212.28250122070312,
            "min": -205.41766357421875,
            "max": 2946.592529296875,
            "count": 66
        },
        "AmyImitation.Environment.EpisodeLength.mean": {
            "value": 366.4736842105263,
            "min": 28.748514851485147,
            "max": 1952.142857142857,
            "count": 66
        },
        "AmyImitation.Environment.EpisodeLength.sum": {
            "value": 13926.0,
            "min": 12984.0,
            "max": 17516.0,
            "count": 66
        },
        "AmyImitation.Environment.CumulativeReward.mean": {
            "value": 4.391999982119734,
            "min": -5.95084206397204,
            "max": 74.7985000779212,
            "count": 66
        },
        "AmyImitation.Environment.CumulativeReward.sum": {
            "value": 166.8959993205499,
            "min": -141.06099998869468,
            "max": 1495.970001558424,
            "count": 66
        },
        "AmyImitation.Policy.ExtrinsicReward.mean": {
            "value": 4.391999982119734,
            "min": -5.95084206397204,
            "max": 74.7985000779212,
            "count": 66
        },
        "AmyImitation.Policy.ExtrinsicReward.sum": {
            "value": 166.8959993205499,
            "min": -141.06099998869468,
            "max": 1495.970001558424,
            "count": 66
        },
        "AmyImitation.Losses.PolicyLoss.mean": {
            "value": 0.061719156248294715,
            "min": 0.053289034283980505,
            "max": 0.07473999010090622,
            "count": 66
        },
        "AmyImitation.Losses.PolicyLoss.sum": {
            "value": 0.432034093738063,
            "min": 0.3730232399878635,
            "max": 0.5844058474431222,
            "count": 66
        },
        "AmyImitation.Losses.ValueLoss.mean": {
            "value": 10.36140501133923,
            "min": 0.9976284275009154,
            "max": 48.62569324556915,
            "count": 66
        },
        "AmyImitation.Losses.ValueLoss.sum": {
            "value": 72.5298350793746,
            "min": 6.983398992506408,
            "max": 340.37985271898407,
            "count": 66
        },
        "AmyImitation.Policy.LearningRate.mean": {
            "value": 0.0003,
            "min": 0.0003,
            "max": 0.0003,
            "count": 66
        },
        "AmyImitation.Policy.LearningRate.sum": {
            "value": 0.0021,
            "min": 0.0021,
            "max": 0.0024,
            "count": 66
        },
        "AmyImitation.Policy.Epsilon.mean": {
            "value": 0.19999999999999998,
            "min": 0.19999999999999998,
            "max": 0.19999999999999998,
            "count": 66
        },
        "AmyImitation.Policy.Epsilon.sum": {
            "value": 1.4,
            "min": 1.4,
            "max": 1.5999999999999999,
            "count": 66
        },
        "AmyImitation.Policy.Beta.mean": {
            "value": 0.0005,
            "min": 0.0005,
            "max": 0.0005,
            "count": 66
        },
        "AmyImitation.Policy.Beta.sum": {
            "value": 0.0035,
            "min": 0.0035,
            "max": 0.004,
            "count": 66
        },
        "AmyImitation.Losses.PretrainingLoss.mean": {
            "value": 0.0043475262297835255,
            "min": 0.004265519499223673,
            "max": 0.8995216469610892,
            "count": 66
        },
        "AmyImitation.Losses.PretrainingLoss.sum": {
            "value": 0.03043268360848468,
            "min": 0.029858636494565716,
            "max": 6.296651528727624,
            "count": 66
        },
        "AmyImitation.IsTraining.mean": {
            "value": 1.0,
            "min": 1.0,
            "max": 1.0,
            "count": 66
        },
        "AmyImitation.IsTraining.sum": {
            "value": 1.0,
            "min": 1.0,
            "max": 1.0,
            "count": 66
        }
    },
    "metadata": {
        "timer_format_version": "0.1.0",
        "start_time_seconds": "1732763458",
        "python_version": "3.9.13 (tags/v3.9.13:6de2ca5, May 17 2022, 16:36:42) [MSC v.1929 64 bit (AMD64)]",
        "command_line_arguments": "C:\\ML-Agents\\ml-agents-develop\\ml-agents-develop\\venv\\Scripts\\mlagents-learn config/AmyImitation.yaml --run-id=Doggy6-1",
        "mlagents_version": "0.30.0",
        "mlagents_envs_version": "0.30.0",
        "communication_protocol_version": "1.5.0",
        "pytorch_version": "2.1.2+cu118",
        "numpy_version": "1.21.2",
        "end_time_seconds": "1732776393"
    },
    "total": 12934.3545738,
    "count": 1,
    "self": 0.03183600000011211,
    "children": {
        "run_training.setup": {
            "total": 0.10354589999999986,
            "count": 1,
            "self": 0.10354589999999986
        },
        "TrainerController.start_learning": {
            "total": 12934.2191919,
            "count": 1,
            "self": 43.01765050060567,
            "children": {
                "TrainerController._reset_env": {
                    "total": 12.1063859,
                    "count": 1,
                    "self": 10.113317499999999,
                    "children": {
                        "demo_to_buffer": {
                            "total": 1.9930684000000003,
                            "count": 1,
                            "self": 9.92999999986921e-05,
                            "children": {
                                "load_demonstration": {
                                    "total": 0.038157100000001165,
                                    "count": 1,
                                    "self": 0.0338812000000015,
                                    "children": {
                                        "read_file": {
                                            "total": 0.004275899999999666,
                                            "count": 1,
                                            "self": 0.004275899999999666
                                        }
                                    }
                                },
                                "make_demo_buffer": {
                                    "total": 1.9548120000000004,
                                    "count": 1,
                                    "self": 0.38789480000003174,
                                    "children": {
                                        "steps_from_proto": {
                                            "total": 1.5669171999999687,
                                            "count": 7998,
                                            "self": 1.0256470999998637,
                                            "children": {
                                                "_process_rank_one_or_two_observation": {
                                                    "total": 0.541270100000105,
                                                    "count": 15996,