{
    "name": "root",
    "gauges": {
        "AmyImitation.Policy.Entropy.mean": {
            "value": -1.4342186450958252,
            "min": -1.4443854093551636,
            "max": 1.374491572380066,
            "count": 66
        },
        "AmyImitation.Policy.Entropy.sum": {
            "value": -21517.58203125,
            "min": -21641.638671875,
            "max": 20699.84375,
            "count": 66
        },
        "AmyImitation.Environment.EpisodeLength.mean": {
            "value": 14.306818181818182,
            "min": 2.120008319467554,
            "max": 2999.0,
            "count": 66
        },
        "AmyImitation.Environment.EpisodeLength.sum": {
            "value": 11331.0,
            "min": 10193.0,
            "max": 17655.0,
            "count": 66
        },
        "AmyImitation.Step.mean": {
            "value": 989940.0,
            "min": 14996.0,
            "max": 989940.0,
            "count": 66
        },
        "AmyImitation.Step.sum": {
            "value": 989940.0,
            "min": 14996.0,
            "max": 989940.0,
            "count": 66
        },
        "AmyImitation.Policy.ExtrinsicValueEstimate.mean": {
            "value": 0.3942429721355438,
            "min": -0.359729140996933,
            "max": 5.881124019622803,
            "count": 66
        },
        "AmyImitation.Policy.ExtrinsicValueEstimate.sum": {
            "value": 384.38690185546875,
            "min": -1371.2874755859375,
            "max": 1529.09228515625,
            "count": 66
        },
        "AmyImitation.Environment.CumulativeReward.mean": {
            "value": 1.6776733577326597,
            "min": -0.9308181817537512,
            "max": 33.333333333333336,
            "count": 66
        },
        "AmyImitation.Environment.CumulativeReward.sum": {
            "value": 1330.3949726819992,
            "min": -51.19499999645632,
            "max": 3196.8979490995407,
            "count": 66
        },
        "AmyImitation.Policy.ExtrinsicReward.mean": {
            "value": 1.6776733577326597,
            "min": -0.9308181817537512,
            "max": 33.333333333333336,
            "count": 66
        },
        "AmyImitation.Policy.ExtrinsicReward.sum": {
            "value": 1330.3949726819992,
            "min": -51.19499999645632,
            "max": 3196.8979490995407,
            "count": 66
        },
        "AmyImitation.Losses.PolicyLoss.mean": {
            "value": 0.06326703086588602,
            "min": 0.05346873891661137,
            "max": 0.09819534576471207,
            "count": 66
        },
        "AmyImitation.Losses.PolicyLoss.sum": {
            "value": 0.4428692160612021,
            "min": 0.3742811724162796,
            "max": 0.6873674203529845,
            "count": 66
        },
        "AmyImitation.Losses.ValueLoss.mean": {
            "value": 5.282994523007541,
            "min": 0.00257743879865302,
            "max": 59.362889927767576,
            "count": 66
        },
        "AmyImitation.Losses.ValueLoss.sum": {
            "value": 36.98096166105279,
            "min": 0.02061951038922416,
            "max": 415.540229494373,
            "count": 66
        },
        "AmyImitation.Policy.LearningRate.mean": {
            "value": 0.0003,
            "min": 0.0003,
            "max": 0.0003,
            "count": 66
        },
        "AmyImitation.Policy.LearningRate.sum": {
            "value": 0.0021,
            "min": 0.0021,
            "max": 0.0024,
            "count": 66
        },
        "AmyImitation.Policy.Epsilon.mean": {
            "value": 0.19999999999999998,
            "min": 0.19999999999999998,
            "max": 0.19999999999999998,
            "count": 66
        },
        "AmyImitation.Policy.Epsilon.sum": {
            "value": 1.4,
            "min": 1.4,
            "max": 1.5999999999999999,
            "count": 66
        },
        "AmyImitation.Policy.Beta.mean": {
            "value": 0.0005,
            "min": 0.0005,
            "max": 0.0005,
            "count": 66
        },
        "AmyImitation.Policy.Beta.sum": {
            "value": 0.0035,
            "min": 0.0035,
            "max": 0.004,
            "count": 66
        },
        "AmyImitation.Losses.PretrainingLoss.mean": {
            "value": 0.003385983851341997,
            "min": 0.0033395926224156504,
            "max": 0.9076039161184051,
            "count": 66
        },
        "AmyImitation.Losses.PretrainingLoss.sum": {
            "value": 0.02370188695939398,
            "min": 0.023377148356909554,
            "max": 6.3532274128288355,
            "count": 66
        },
        "AmyImitation.IsTraining.mean": {
            "value": 1.0,
            "min": 1.0,
            "max": 1.0,
            "count": 66
        },
        "AmyImitation.IsTraining.sum": {
            "value": 1.0,
            "min": 1.0,
            "max": 1.0,
            "count": 66
        }
    },
    "metadata": {
        "timer_format_version": "0.1.0",
        "start_time_seconds": "1732614028",
        "python_version": "3.9.13 (tags/v3.9.13:6de2ca5, May 17 2022, 16:36:42) [MSC v.1929 64 bit (AMD64)]",
        "command_line_arguments": "C:\\Users\\123\\AppData\\Local\\Programs\\Python\\Python39\\Scripts\\mlagents-learn config/AmyImitation.yaml --run-id=Doggy6",
        "mlagents_version": "0.30.0",
        "mlagents_envs_version": "0.30.0",
        "communication_protocol_version": "1.5.0",
        "pytorch_version": "2.5.1+cpu",
        "numpy_version": "1.21.2",
        "end_time_seconds": "1732629028"
    },
    "total": 15000.0601492,
    "count": 1,
    "self": 0.028723199999149074,
    "children": {
        "run_training.setup": {
            "total": 0.18014499999999956,
            "count": 1,
            "self": 0.18014499999999956
        },
        "TrainerController.start_learning": {
            "total": 14999.851281000001,
            "count": 1,
            "self": 48.52740779917622,
            "children": {
                "TrainerController._reset_env": {
                    "total": 15.181027799999999,
                    "count": 1,
                    "self": 13.419604999999997,
                    "children": {
                        "demo_to_buffer": {
                            "total": 1.7614228000000018,
                            "count": 1,
                            "self": 8.620000000547634e-05,
                            "children": {
                                "load_demonstration": {
                                    "total": 0.04085569999999805,
                                    "count": 1,
                                    "self": 0.03791790000000006,
                                    "children": {
                                        "read_file": {
                                            "total": 0.002937799999997992,
                                            "count": 1,
                                            "self": 0.002937799999997992
                                        }
                                    }
                                },
                                "make_demo_buffer": {
                                    "total": 1.7204808999999983,
                                    "count": 1,
                                    "self": 0.28066550000009016,
                                    "children": {
                                        "steps_from_proto": {
                                            "total": 1.4398153999999082,
                                            "count": 7998,
                                            "self": 0.9415100999998778,
                                            "children": {
                                                "_process_rank_one_or_two_observation": {
                                                    "total": 0.49830530000003037,
                                                    "count": 15996,