{
    "name": "root",
    "gauges": {
        "AmyImitation.Policy.Entropy.mean": {
            "value": -0.3544531464576721,
            "min": -0.3544531464576721,
            "max": 1.3764472007751465,
            "count": 27
        },
        "AmyImitation.Policy.Entropy.sum": {
            "value": -5320.341796875,
            "min": -5320.341796875,
            "max": 20668.73046875,
            "count": 27
        },
        "AmyImitation.Step.mean": {
            "value": 404966.0,
            "min": 14948.0,
            "max": 404966.0,
            "count": 27
        },
        "AmyImitation.Step.sum": {
            "value": 404966.0,
            "min": 14948.0,
            "max": 404966.0,
            "count": 27
        },
        "AmyImitation.Policy.ExtrinsicValueEstimate.mean": {
            "value": 0.968920111656189,
            "min": -0.4955044388771057,
            "max": 3.050196886062622,
            "count": 27
        },
        "AmyImitation.Policy.ExtrinsicValueEstimate.sum": {
            "value": 229.63406372070312,
            "min": -119.91207122802734,
            "max": 716.7962646484375,
            "count": 27
        },
        "AmyImitation.Environment.EpisodeLength.mean": {
            "value": 6696.75,
            "min": 193.1578947368421,
            "max": 6696.75,
            "count": 27
        },
        "AmyImitation.Environment.EpisodeLength.sum": {
            "value": 26787.0,
            "min": 5976.0,
            "max": 26787.0,
            "count": 27
        },
        "AmyImitation.Environment.CumulativeReward.mean": {
            "value": -38.81726202694699,
            "min": -38.81726202694699,
            "max": 17.898436699062586,
            "count": 27
        },
        "AmyImitation.Environment.CumulativeReward.sum": {
            "value": -155.26904810778797,
            "min": -155.26904810778797,
            "max": 43.93758150562644,
            "count": 27
        },
        "AmyImitation.Policy.ExtrinsicReward.mean": {
            "value": -38.81726202694699,
            "min": -38.81726202694699,
            "max": 17.898436699062586,
            "count": 27
        },
        "AmyImitation.Policy.ExtrinsicReward.sum": {
            "value": -155.26904810778797,
            "min": -155.26904810778797,
            "max": 43.93758150562644,
            "count": 27
        },
        "AmyImitation.Losses.PolicyLoss.mean": {
            "value": 0.06833245698492516,
            "min": 0.056263493945845684,
            "max": 0.07243658700263907,
            "count": 27
        },
        "AmyImitation.Losses.PolicyLoss.sum": {
            "value": 0.4783271988944761,
            "min": 0.3938444576209198,
            "max": 0.5551396702171587,
            "count": 27
        },
        "AmyImitation.Losses.ValueLoss.mean": {
            "value": 0.19581083067376834,
            "min": 0.009283207289627171,
            "max": 2.982130826301207,
            "count": 27
        },
        "AmyImitation.Losses.ValueLoss.sum": {
            "value": 1.3706758147163784,
            "min": 0.07426565831701737,
            "max": 20.87491578410845,
            "count": 27
        },
        "AmyImitation.Policy.LearningRate.mean": {
            "value": 0.0003,
            "min": 0.0003,
            "max": 0.0003,
            "count": 27
        },
        "AmyImitation.Policy.LearningRate.sum": {
            "value": 0.0021,
            "min": 0.0021,
            "max": 0.0024,
            "count": 27
        },
        "AmyImitation.Policy.Epsilon.mean": {
            "value": 0.19999999999999998,
            "min": 0.19999999999999998,
            "max": 0.19999999999999998,
            "count": 27
        },
        "AmyImitation.Policy.Epsilon.sum": {
            "value": 1.4,
            "min": 1.4,
            "max": 1.5999999999999999,
            "count": 27
        },
        "AmyImitation.Policy.Beta.mean": {
            "value": 0.0005,
            "min": 0.0005,
            "max": 0.0005,
            "count": 27
        },
        "AmyImitation.Policy.Beta.sum": {
            "value": 0.0035,
            "min": 0.0035,
            "max": 0.004,
            "count": 27
        },
        "AmyImitation.Losses.PretrainingLoss.mean": {
            "value": 0.02891023655045783,
            "min": 0.02891023655045783,
            "max": 0.9090227826216619,
            "count": 27
        },
        "AmyImitation.Losses.PretrainingLoss.sum": {
            "value": 0.20237165585320482,
            "min": 0.20237165585320482,
            "max": 6.363159478351633,
            "count": 27
        },
        "AmyImitation.IsTraining.mean": {
            "value": 1.0,
            "min": 1.0,
            "max": 1.0,
            "count": 27
        },
        "AmyImitation.IsTraining.sum": {
            "value": 1.0,
            "min": 1.0,
            "max": 1.0,
            "count": 27
        }
    },
    "metadata": {
        "timer_format_version": "0.1.0",
        "start_time_seconds": "1729707504",
        "python_version": "3.9.13 (tags/v3.9.13:6de2ca5, May 17 2022, 16:36:42) [MSC v.1929 64 bit (AMD64)]",
        "command_line_arguments": "C:\\uniproj\\ml-agents-develop\\Project\\venv\\Scripts\\mlagents-learn config/AmyImitation.yaml --run-id=AmyImitation --train",
        "mlagents_version": "0.30.0",
        "mlagents_envs_version": "0.30.0",
        "communication_protocol_version": "1.5.0",
        "pytorch_version": "2.4.1+cpu",
        "numpy_version": "1.21.2",
        "end_time_seconds": "1729708924"
    },
    "total": 1420.4164911,
    "count": 1,
    "self": 0.004638800000066112,
    "children": {
        "run_training.setup": {
            "total": 0.14968680000000045,
            "count": 1,
            "self": 0.14968680000000045
        },
        "TrainerController.start_learning": {
            "total": 1420.2621655,
            "count": 1,
            "self": 6.320984699998917,
            "children": {
                "TrainerController._reset_env": {
                    "total": 8.271891,
                    "count": 1,
                    "self": 7.710756700000001,
                    "children": {
                        "demo_to_buffer": {
                            "total": 0.5611342999999991,
                            "count": 1,
                            "self": 0.00020029999999771064,
                            "children": {
                                "load_demonstration": {
                                    "total": 0.009992300000000398,
                                    "count": 1,
                                    "self": 0.009230699999999814,
                                    "children": {
                                        "read_file": {
                                            "total": 0.000761600000000584,
                                            "count": 1,
                                            "self": 0.000761600000000584
                                        }
                                    }
                                },
                                "make_demo_buffer": {
                                    "total": 0.550941700000001,
                                    "count": 1,
                                    "self": 0.09753290000005066,
                                    "children": {
                                        "steps_from_proto": {
                                            "total": 0.4534087999999503,
                                            "count": 7998,
                                            "self": 0.2898928999997761,
                                            "children": {
                                                "_process_rank_one_or_two_observation": {
                                                    "total": 0.16351590000017424,
                                                    "count": 15996,