{
    "name": "root",
    "gauges": {
        "AmyImitation.Policy.Entropy.mean": {
            "value": 1.3340073823928833,
            "min": 1.3340073823928833,
            "max": 1.4169585704803467,
            "count": 66
        },
        "AmyImitation.Policy.Entropy.sum": {
            "value": 19959.41796875,
            "min": 19959.41796875,
            "max": 21298.3046875,
            "count": 66
        },
        "AmyImitation.Step.mean": {
            "value": 989944.0,
            "min": 14984.0,
            "max": 989944.0,
            "count": 66
        },
        "AmyImitation.Step.sum": {
            "value": 989944.0,
            "min": 14984.0,
            "max": 989944.0,
            "count": 66
        },
        "AmyImitation.Policy.ExtrinsicValueEstimate.mean": {
            "value": 0.27731853723526,
            "min": -0.77635258436203,
            "max": 0.736756443977356,
            "count": 66
        },
        "AmyImitation.Policy.ExtrinsicValueEstimate.sum": {
            "value": 75.4306411743164,
            "min": -218.93142700195312,
            "max": 214.39613342285156,
            "count": 66
        },
        "AmyImitation.Environment.EpisodeLength.mean": {
            "value": 211.29333333333332,
            "min": 101.0204081632653,
            "max": 216.02857142857144,
            "count": 66
        },
        "AmyImitation.Environment.EpisodeLength.sum": {
            "value": 15847.0,
            "min": 14084.0,
            "max": 15847.0,
            "count": 66
        },
        "AmyImitation.Environment.CumulativeReward.mean": {
            "value": 4.39177331695954,
            "min": -1.2854706456947351,
            "max": 5.326219571787463,
            "count": 66
        },
        "AmyImitation.Environment.CumulativeReward.sum": {
            "value": 329.3829987719655,
            "min": -155.5480090584606,
            "max": 655.1250073298579,
            "count": 66
        },
        "AmyImitation.Policy.ExtrinsicReward.mean": {
            "value": 4.39177331695954,
            "min": -1.2854706456947351,
            "max": 5.326219571787463,
            "count": 66
        },
        "AmyImitation.Policy.ExtrinsicReward.sum": {
            "value": 329.3829987719655,
            "min": -155.5480090584606,
            "max": 655.1250073298579,
            "count": 66
        },
        "AmyImitation.Losses.PolicyLoss.mean": {
            "value": 0.06407231517550827,
            "min": 0.052220391308137125,
            "max": 0.07277788150843532,
            "count": 66
        },
        "AmyImitation.Losses.PolicyLoss.sum": {
            "value": 0.44850620622855786,
            "min": 0.3655427391569599,
            "max": 0.55590140223588,
            "count": 66
        },
        "AmyImitation.Losses.ValueLoss.mean": {
            "value": 6.045738050254019,
            "min": 0.06408051558260229,
            "max": 12.17925111042513,
            "count": 66
        },
        "AmyImitation.Losses.ValueLoss.sum": {
            "value": 42.320166351778134,
            "min": 0.448563609078216,
            "max": 85.2547577729759,
            "count": 66
        },
        "AmyImitation.Policy.LearningRate.mean": {
            "value": 0.0003,
            "min": 0.0003,
            "max": 0.0003,
            "count": 66
        },
        "AmyImitation.Policy.LearningRate.sum": {
            "value": 0.0021,
            "min": 0.0021,
            "max": 0.0024,
            "count": 66
        },
        "AmyImitation.Policy.Epsilon.mean": {
            "value": 0.19999999999999998,
            "min": 0.19999999999999998,
            "max": 0.19999999999999998,
            "count": 66
        },
        "AmyImitation.Policy.Epsilon.sum": {
            "value": 1.4,
            "min": 1.4,
            "max": 1.5999999999999999,
            "count": 66
        },
        "AmyImitation.Policy.Beta.mean": {
            "value": 0.0005,
            "min": 0.0005,
            "max": 0.0005,
            "count": 66
        },
        "AmyImitation.Policy.Beta.sum": {
            "value": 0.0035,
            "min": 0.0035,
            "max": 0.004,
            "count": 66
        },
        "AmyImitation.IsTraining.mean": {
            "value": 1.0,
            "min": 1.0,
            "max": 1.0,
            "count": 66
        },
        "AmyImitation.IsTraining.sum": {
            "value": 1.0,
            "min": 1.0,
            "max": 1.0,
            "count": 66
        }
    },
    "metadata": {
        "timer_format_version": "0.1.0",
        "start_time_seconds": "1737389636",
        "python_version": "3.9.13 (tags/v3.9.13:6de2ca5, May 17 2022, 16:36:42) [MSC v.1929 64 bit (AMD64)]",
        "command_line_arguments": "C:\\ML-Agents\\ml-agents-develop\\ml-agents-develop\\Project\\venv\\Scripts\\mlagents-learn config/AmyImitation.yaml --run-id=DoggyOtherMoveFunctions-1",
        "mlagents_version": "0.30.0",
        "mlagents_envs_version": "0.30.0",
        "communication_protocol_version": "1.5.0",
        "pytorch_version": "2.5.1+cpu",
        "numpy_version": "1.21.2",
        "end_time_seconds": "1737401216"
    },
    "total": 11579.3498174,
    "count": 1,
    "self": 0.026731599999038735,
    "children": {
        "run_training.setup": {
            "total": 0.21569040000000061,
            "count": 1,
            "self": 0.21569040000000061
        },
        "TrainerController.start_learning": {
            "total": 11579.1073954,
            "count": 1,
            "self": 35.33803740066287,
            "children": {
                "TrainerController._reset_env": {
                    "total": 12.5324673,
                    "count": 1,
                    "self": 12.5324673
                },
                "TrainerController.advance": {
                    "total": 11531.150645699337,
                    "count": 1006173,
                    "self": 15.76593049872099,
                    "children": {
                        "env_step": {
                            "total": 11515.384715200616,
                            "count": 1006173,
                            "self": 9161.716685500367,
                            "children": {
                                "SubprocessEnvManager._take_step": {
                                    "total": 2334.1516269001304,
                                    "count": 1006173,
                                    "self": 88.32837270034042,
                                    "children": {
                                        "TorchPolicy.evaluate": {
                                            "total": 2245.82325419979,
                                            "count": 1000032,
                                            "self": 2245.82325419979
                                        }
                                    }
                                },
                                "workers": {
                                    "total": 19.51640280011804,
                                    "count": 1006173,
                                    "self": 0.0,
                                    "children": {
                                        "worker_root": {
                                            "total": 11524.78506669938,
                                            "count": 1006173,
                                            "is_parallel": true,
                                            "self": 3888.4873201001046,
                                            "children": {
                                                "steps_from_proto": {
                                                    "total": 0.005369599999999863,
                                                    "count": 1,
                                                    "is_parallel": true,
                                                    "self": 0.0014972999999987024,