{
    "name": "root",
    "gauges": {
        "AmyImitation.Policy.Entropy.mean": {
            "value": -1.4085360765457153,
            "min": -1.4085360765457153,
            "max": 1.3758180141448975,
            "count": 66
        },
        "AmyImitation.Policy.Entropy.sum": {
            "value": -21112.546875,
            "min": -21112.546875,
            "max": 20648.27734375,
            "count": 66
        },
        "AmyImitation.Environment.EpisodeLength.mean": {
            "value": 449.48387096774195,
            "min": 88.97590361445783,
            "max": 527.7307692307693,
            "count": 66
        },
        "AmyImitation.Environment.EpisodeLength.sum": {
            "value": 13934.0,
            "min": 13646.0,
            "max": 17111.0,
            "count": 66
        },
        "AmyImitation.Step.mean": {
            "value": 989980.0,
            "min": 14949.0,
            "max": 989980.0,
            "count": 66
        },
        "AmyImitation.Step.sum": {
            "value": 989980.0,
            "min": 14949.0,
            "max": 989980.0,
            "count": 66
        },
        "AmyImitation.Policy.ExtrinsicValueEstimate.mean": {
            "value": -2.584110975265503,
            "min": -3.2944750785827637,
            "max": 0.24886997044086456,
            "count": 66
        },
        "AmyImitation.Policy.ExtrinsicValueEstimate.sum": {
            "value": -635.6912841796875,
            "min": -836.7966918945312,
            "max": 67.73773956298828,
            "count": 66
        },
        "AmyImitation.Environment.CumulativeReward.mean": {
            "value": -1.7411935633469013,
            "min": -6.977421065069441,
            "max": 9.291543465168418,
            "count": 66
        },
        "AmyImitation.Environment.CumulativeReward.sum": {
            "value": -53.97700046375394,
            "min": -268.10300240293145,
            "max": 469.0849984784145,
            "count": 66
        },
        "AmyImitation.Policy.ExtrinsicReward.mean": {
            "value": -1.7411935633469013,
            "min": -6.977421065069441,
            "max": 9.291543465168418,
            "count": 66
        },
        "AmyImitation.Policy.ExtrinsicReward.sum": {
            "value": -53.97700046375394,
            "min": -268.10300240293145,
            "max": 469.0849984784145,
            "count": 66
        },
        "AmyImitation.Losses.PolicyLoss.mean": {
            "value": 0.06197536641931427,
            "min": 0.055511938932378754,
            "max": 0.07391257215758308,
            "count": 66
        },
        "AmyImitation.Losses.PolicyLoss.sum": {
            "value": 0.43382756493519986,
            "min": 0.4010147188409974,
            "max": 0.54985049371741,
            "count": 66
        },
        "AmyImitation.Losses.ValueLoss.mean": {
            "value": 4.604481683683671,
            "min": 0.06733745067114276,
            "max": 17.67297497602357,
            "count": 66
        },
        "AmyImitation.Losses.ValueLoss.sum": {
            "value": 32.2313717857857,
            "min": 0.47136215469799936,
            "max": 123.710824832165,
            "count": 66
        },
        "AmyImitation.Policy.LearningRate.mean": {
            "value": 0.0003,
            "min": 0.0003,
            "max": 0.0003,
            "count": 66
        },
        "AmyImitation.Policy.LearningRate.sum": {
            "value": 0.0021,
            "min": 0.0021,
            "max": 0.0024,
            "count": 66
        },
        "AmyImitation.Policy.Epsilon.mean": {
            "value": 0.19999999999999998,
            "min": 0.19999999999999998,
            "max": 0.19999999999999998,
            "count": 66
        },
        "AmyImitation.Policy.Epsilon.sum": {
            "value": 1.4,
            "min": 1.4,
            "max": 1.5999999999999999,
            "count": 66
        },
        "AmyImitation.Policy.Beta.mean": {
            "value": 0.0005,
            "min": 0.0005,
            "max": 0.0005,
            "count": 66
        },
        "AmyImitation.Policy.Beta.sum": {
            "value": 0.0035,
            "min": 0.0035,
            "max": 0.004,
            "count": 66
        },
        "AmyImitation.Losses.PretrainingLoss.mean": {
            "value": 0.0035512814063653237,
            "min": 0.0035512814063653237,
            "max": 0.9107365914021036,
            "count": 66
        },
        "AmyImitation.Losses.PretrainingLoss.sum": {
            "value": 0.024858969844557266,
            "min": 0.024858969844557266,
            "max": 6.375156139814726,
            "count": 66
        },
        "AmyImitation.IsTraining.mean": {
            "value": 1.0,
            "min": 1.0,
            "max": 1.0,
            "count": 66
        },
        "AmyImitation.IsTraining.sum": {
            "value": 1.0,
            "min": 1.0,
            "max": 1.0,
            "count": 66
        }
    },
    "metadata": {
        "timer_format_version": "0.1.0",
        "start_time_seconds": "1737115414",
        "python_version": "3.9.13 (tags/v3.9.13:6de2ca5, May 17 2022, 16:36:42) [MSC v.1929 64 bit (AMD64)]",
        "command_line_arguments": "C:\\Users\\123\\AppData\\Local\\Programs\\Python\\Python39\\Scripts\\mlagents-learn config/AmyImitation.yaml --run-id=DoggyMoveFunctions-1",
        "mlagents_version": "0.30.0",
        "mlagents_envs_version": "0.30.0",
        "communication_protocol_version": "1.5.0",
        "pytorch_version": "2.5.1+cpu",
        "numpy_version": "1.21.2",
        "end_time_seconds": "1737126677"
    },
    "total": 11262.305116500002,
    "count": 1,
    "self": 0.023418800003128126,
    "children": {
        "run_training.setup": {
            "total": 0.1506476000000001,
            "count": 1,
            "self": 0.1506476000000001
        },
        "TrainerController.start_learning": {
            "total": 11262.131050099999,
            "count": 1,
            "self": 39.71757799995794,
            "children": {
                "TrainerController._reset_env": {
                    "total": 12.249074100000001,
                    "count": 1,
                    "self": 10.617781300000003,
                    "children": {
                        "demo_to_buffer": {
                            "total": 1.6312927999999989,
                            "count": 1,
                            "self": 7.909999999711204e-05,
                            "children": {
                                "load_demonstration": {
                                    "total": 0.026290499999999994,
                                    "count": 1,
                                    "self": 0.023914800000000014,
                                    "children": {
                                        "read_file": {
                                            "total": 0.0023756999999999806,
                                            "count": 1,
                                            "self": 0.0023756999999999806
                                        }
                                    }
                                },
                                "make_demo_buffer": {
                                    "total": 1.6049232000000018,
                                    "count": 1,
                                    "self": 0.2688753999998923,
                                    "children": {
                                        "steps_from_proto": {
                                            "total": 1.3360478000001095,
                                            "count": 7998,
                                            "self": 0.8729311000001676,
                                            "children": {
                                                "_process_rank_one_or_two_observation": {
                                                    "total": 0.46311669999994187,
                                                    "count": 15996,