{
    "name": "root",
    "gauges": {
        "AmyImitation.Policy.Entropy.mean": {
            "value": 0.9842393398284912,
            "min": 0.9841250777244568,
            "max": 1.417325735092163,
            "count": 66
        },
        "AmyImitation.Policy.Entropy.sum": {
            "value": 14796.0703125,
            "min": 14774.669921875,
            "max": 21299.5703125,
            "count": 66
        },
        "AmyImitation.Step.mean": {
            "value": 989995.0,
            "min": 14964.0,
            "max": 989995.0,
            "count": 66
        },
        "AmyImitation.Step.sum": {
            "value": 989995.0,
            "min": 14964.0,
            "max": 989995.0,
            "count": 66
        },
        "AmyImitation.Policy.ExtrinsicValueEstimate.mean": {
            "value": 2.7669215202331543,
            "min": 0.21990090608596802,
            "max": 14.045361518859863,
            "count": 66
        },
        "AmyImitation.Policy.ExtrinsicValueEstimate.sum": {
            "value": 669.5950317382812,
            "min": 56.074729919433594,
            "max": 3342.796142578125,
            "count": 66
        },
        "AmyImitation.Environment.EpisodeLength.mean": {
            "value": 1036.2857142857142,
            "min": 304.1020408163265,
            "max": 2307.5714285714284,
            "count": 66
        },
        "AmyImitation.Environment.EpisodeLength.sum": {
            "value": 14508.0,
            "min": 13233.0,
            "max": 17466.0,
            "count": 66
        },
        "AmyImitation.Environment.CumulativeReward.mean": {
            "value": 36.70699945305075,
            "min": 0.8244998953579104,
            "max": 94.55809286507693,
            "count": 66
        },
        "AmyImitation.Environment.CumulativeReward.sum": {
            "value": 513.8979923427105,
            "min": 28.03299644216895,
            "max": 1228.1650028526783,
            "count": 66
        },
        "AmyImitation.Policy.ExtrinsicReward.mean": {
            "value": 36.70699945305075,
            "min": 0.8244998953579104,
            "max": 94.55809286507693,
            "count": 66
        },
        "AmyImitation.Policy.ExtrinsicReward.sum": {
            "value": 513.8979923427105,
            "min": 28.03299644216895,
            "max": 1228.1650028526783,
            "count": 66
        },
        "AmyImitation.Losses.PolicyLoss.mean": {
            "value": 0.06892620029767775,
            "min": 0.061141640944091094,
            "max": 0.07428156855374775,
            "count": 66
        },
        "AmyImitation.Losses.PolicyLoss.sum": {
            "value": 0.48248340208374424,
            "min": 0.42866800584063947,
            "max": 0.5763858925978032,
            "count": 66
        },
        "AmyImitation.Losses.ValueLoss.mean": {
            "value": 6.866700507791911,
            "min": 0.138727239067001,
            "max": 21.543229196996737,
            "count": 66
        },
        "AmyImitation.Losses.ValueLoss.sum": {
            "value": 48.06690355454338,
            "min": 0.9710906734690069,
            "max": 172.3458335759739,
            "count": 66
        },
        "AmyImitation.Policy.LearningRate.mean": {
            "value": 0.0003,
            "min": 0.0003,
            "max": 0.0003,
            "count": 66
        },
        "AmyImitation.Policy.LearningRate.sum": {
            "value": 0.0021,
            "min": 0.0021,
            "max": 0.0024,
            "count": 66
        },
        "AmyImitation.Policy.Epsilon.mean": {
            "value": 0.19999999999999998,
            "min": 0.19999999999999998,
            "max": 0.19999999999999998,
            "count": 66
        },
        "AmyImitation.Policy.Epsilon.sum": {
            "value": 1.4,
            "min": 1.4,
            "max": 1.5999999999999999,
            "count": 66
        },
        "AmyImitation.Policy.Beta.mean": {
            "value": 0.0005,
            "min": 0.0005,
            "max": 0.0005,
            "count": 66
        },
        "AmyImitation.Policy.Beta.sum": {
            "value": 0.0035,
            "min": 0.0035,
            "max": 0.004,
            "count": 66
        },
        "AmyImitation.IsTraining.mean": {
            "value": 1.0,
            "min": 1.0,
            "max": 1.0,
            "count": 66
        },
        "AmyImitation.IsTraining.sum": {
            "value": 1.0,
            "min": 1.0,
            "max": 1.0,
            "count": 66
        }
    },
    "metadata": {
        "timer_format_version": "0.1.0",
        "start_time_seconds": "1737557237",
        "python_version": "3.9.13 (tags/v3.9.13:6de2ca5, May 17 2022, 16:36:42) [MSC v.1929 64 bit (AMD64)]",
        "command_line_arguments": "C:\\ML-Agents\\ml-agents-develop\\ml-agents-develop\\Project\\venv\\Scripts\\mlagents-learn config/AmyImitation.yaml --run-id=DoggyFixedMoveFunctions-1",
        "mlagents_version": "0.30.0",
        "mlagents_envs_version": "0.30.0",
        "communication_protocol_version": "1.5.0",
        "pytorch_version": "2.5.1+cpu",
        "numpy_version": "1.21.2",
        "end_time_seconds": "1737571184"
    },
    "total": 13947.1197152,
    "count": 1,
    "self": 0.032848000000740285,
    "children": {
        "run_training.setup": {
            "total": 0.21869720000000026,
            "count": 1,
            "self": 0.21869720000000026
        },
        "TrainerController.start_learning": {
            "total": 13946.86817,
            "count": 1,
            "self": 43.04656519981472,
            "children": {
                "TrainerController._reset_env": {
                    "total": 11.4418453,
                    "count": 1,
                    "self": 11.4418453
                },
                "TrainerController.advance": {
                    "total": 13892.249257700185,
                    "count": 1001210,
                    "self": 18.727414199189298,
                    "children": {
                        "env_step": {
                            "total": 13873.521843500996,
                            "count": 1001210,
                            "self": 10989.775165101308,
                            "children": {
                                "SubprocessEnvManager._take_step": {
                                    "total": 2860.2615878998895,
                                    "count": 1001210,
                                    "self": 100.11267700021654,
                                    "children": {
                                        "TorchPolicy.evaluate": {
                                            "total": 2760.148910899673,
                                            "count": 1000042,
                                            "self": 2760.148910899673
                                        }
                                    }
                                },
                                "workers": {
                                    "total": 23.485090499798194,
                                    "count": 1001210,
                                    "self": 0.0,
                                    "children": {
                                        "worker_root": {
                                            "total": 13883.992550899035,
                                            "count": 1001210,
                                            "is_parallel": true,
                                            "self": 4662.858635599319,
                                            "children": {
                                                "steps_from_proto": {
                                                    "total": 0.0010041000000011735,
                                                    "count": 1,
                                                    "is_parallel": true,
                                                    "self": 0.0005703999999990828,